<?xml version="1.0"?>
<doc>
    <assembly>
        <name>Hahn.ApplicationProcess.December2020.Domain</name>
    </assembly>
    <members>
        <member name="T:Hahn.ApplicationProcess.December2020.Domain.Applicant">
            <summary>
             Controller for Applicant Operations
            </summary>
        </member>
        <member name="P:Hahn.ApplicationProcess.December2020.Domain.Applicant.Name">
            <example>TestName1</example>
        </member>
        <member name="P:Hahn.ApplicationProcess.December2020.Domain.Applicant.FamilyName">
            <example>TestFamilyName1</example>
        </member>
        <member name="P:Hahn.ApplicationProcess.December2020.Domain.Applicant.Address">
            <example>TestAddress1</example>
        </member>
        <member name="P:Hahn.ApplicationProcess.December2020.Domain.Applicant.CountryOfOrigin">
            <example>India</example>
        </member>
        <member name="P:Hahn.ApplicationProcess.December2020.Domain.Applicant.EMailAddress">
            <example>test1@test.com</example>
        </member>
        <member name="P:Hahn.ApplicationProcess.December2020.Domain.Applicant.Age">
            <example>25</example>
        </member>
        <member name="P:Hahn.ApplicationProcess.December2020.Domain.Applicant.Hired">
            <example>true</example>
        </member>
    </members>
</doc>
